,channel,subs,title,views,date,like,hate,review,hashtag1,hashtag2,hashtag3
1,Lime Tube[라임튜브], 293000,슈퍼마켓에 물난리가 났어요! 탈출해야 해요~ 로블록스 방탈출 roblox LimeTube, 1060,2020. 7. 30, 38,싫어 6,9,로블록스,,
2,Lime Tube[라임튜브], 293000,도전 웃음참기! 웃기는 스노우 어플 핸드폰 게임 | @라임게임 Funny face change app game LimeTube, 23670,2020. 7. 28, 238,싫어 49,31,,,
3,Lime Tube[라임튜브], 293000,유령의 집에서 방탈출 했어요 | 로블록스 게임 LimeTube, 23445,2020. 7. 25, 225,싫어 49,40,로블록스,,
4,Lime Tube[라임튜브], 293000,동물로 변신! 라임 고양이가 됐어요! 상어가 된 라임파파?! 마법의 동물 과자 먹고 변신 놀이 해요! Animal Transformation Magic Cracker, 93290,2020. 7. 23, 473,싫어 217,,애니멀크래커 ,8월5일대개봉 ,애니메이션
5,Lime Tube[라임튜브], 293000,라임 생일날 대형 수영장 가족파티 | 타임캡슐 V-Log Large swimming pool family party on birthday | LimeTube, 22856,2020. 7. 21, 193,싫어 61,52,생일,,
6,Lime Tube[라임튜브], 293000,라임이 생일 선물! 대형 수영장에서 청개구리에게 수영 배우기 I learned to swim with a tree frog in a large pool.| LimeTube, 183792,2020. 7. 18, 1554,싫어 328,,수영장,,
7,Lime Tube[라임튜브], 293000,충청북도 어디까지 가봤니? 라임 패밀리 괴산 갈론구곡 물놀이체험 | 괴강 국민여가캠핑장 캠핑체험 국내랜선여행 충북 괴산투어 2편 | LimeTube, 76979,2020. 7. 16, 384,싫어 113,83,랜선여행 ,갈론구곡 ,충북괴산
8,Lime Tube[라임튜브], 293000,집에 지네가 나타났어요! 지네 소탕작전 | 라임 가족 일상 LimeTube, 65628,2020. 7. 14, 389,싫어 66,111,지네,,
9,Lime Tube[라임튜브], 293000,가까운여행! 건강한여행! 즐기는여행! 충청북도 어디까지 가봤니? 라임 패밀리 충주 오대호 아트팩토리 수안보 족욕길 힐링체험 국내 랜선여행 충북 충주 투어 1편 LimeTube, 78483,2020. 7. 11, 392,싫어 123,73,랜선여행 ,오대호아트팩토리 ,충북충주
10,Lime Tube[라임튜브], 293000,아빠랑 로블록스 얼음땡 놀이를 했어요 The Piggysons | LimeTube, 26464,2020. 7. 9, 205,싫어 41,36,로블록스,,
11,Lime Tube[라임튜브], 293000,과일 아이스크림 만들기와 수영장 시크릿쥬쥬 키즈카페 놀이 supermarket song nursery rhyme | johny johny,현재 354명 시청 중,스트리밍 시작일: 2020. 7. 9,,,,forkids ,forchildren ,children
12,Lime Tube[라임튜브], 293000,라임의 친구를 던지고 놀아요! 로블록스 웃기는 게임 (Roblox) carry people simulator 2 | LimeTube Game, 22506,2020. 7. 7, 149,싫어 29,30,로블록스,,
13,Lime Tube[라임튜브], 293000,라임이가 술래가 됬어요~파랑아 숨어! 웃기는 로블록스 게임 LimeTube, 36535,2020. 7. 2, 188,싫어 33,52,로블록스,,
14,Lime Tube[라임튜브], 293000,꽃게잡기 갯벌체험! 테슬라 모델X 차박 캠핑 | 태안 샛별 해수욕장 가족여행 국내여행 브이로그 Camping on the beach in Tesla. LimeTube, 163208,2020. 6. 30, 451,싫어 128,79,갯벌체험 ,꽃게 ,가족여행
15,Lime Tube[라임튜브], 293000,스마트폰에 중독 됐어요ㅠㅠ 슈퍼라임 도와줘~! I'm addicted to the smartphone Help Super Lime~! | LimeTube, 57695,2020. 6. 27, 260,싫어 94,,슈퍼라임 ,스마트폰 ,바른사용
16,Lime Tube[라임튜브], 293000,아이스크림을 타고 슬라이드로 떨어져요! [로블록스] 워터슬라이드 WATER SLIDE OBBY! | 라임게임 LimeTube, 91756,2020. 6. 26, 315,싫어 69,42,로블록스,,
17,Lime Tube[라임튜브], 293000,라임가족의 테슬라 모델X타고 차박 캠핑 떠나요! 충주 수주팔봉 캠핑장과 활옥동굴 여행 Let's go camping on Tesla's Model X | LimeTube, 60634,2020. 6. 25, 358,싫어 74,78,캠핑 ,수주팔봉 ,국내여행
18,Lime Tube[라임튜브], 293000,파마하러 가는날 | 라임가족의 하루 | 미용실 백화점 쇼핑 먹방 브이로그 Day to go to perm | Lime family day V-log | LimeTube, 25626,2020. 6. 23, 169,싫어 35,37,미용실 ,라임가족 ,백화점
19,Lime Tube[라임튜브], 293000,복불복 빨대로 음료수 맞추기 먹방 챌린지 | 라임가족 게임 LimeTube | Name the drink with a straw. Mukbang Challenge, 49375,2020. 6. 20, 376,싫어 94,,먹방 ,음료수 ,가족오락관
20,Lime Tube[라임튜브], 293000,집 앞 계곡에서 신발로? 낚시했어요! 라임가족 일상 여행 Fishing in the valley|Lime Family Travel V-Log | LimeTube, 96029,2020. 6. 18, 372,싫어 73,135,낚시 ,여행 ,힐링
21,ToyFamily, 254000,클래시로얄 연승게임, 2168,2020. 7. 19,,,0,game,,
22,ToyFamily, 254000,자동차 번지점프! 차를 멀리 날리는 게임, 1746,2020. 7. 18,,,0,game,,
23,ToyFamily, 254000,하루종일 설산에서 스키타는 게임 RLTOS ADVERNTURE, 1170,2020. 7. 18,,,0,game,,
24,ToyFamily, 254000,나무를 깍아서 여러 모양을 만들어보자! 아무생각없이하는 힐링게임, 1265,2020. 7. 17,,,0,game,,
25,ToyFamily, 254000,내맘대로 쿵짝짝! 인크레디박스 V4 Incredibox, 1171,2020. 7. 17,,,1,game,,
26,ToyFamily, 254000,My Talking Tom Episode (Outfit7) Game play 토킹톰 에피소드 1 게임플레이, 2322,2020. 7. 16,,,,game,,
27,ToyFamily, 254000,클래시로얄 자이언트해골 자폭덱 기지를 한방에 날려버리자, 1789,2020. 7. 13,,,0,game,,
28,ToyFamily, 254000,클래시로얄 자이언트해골덱 게임플레이, 2112,2020. 7. 12,,,1,game,,
29,ToyFamily, 254000,쿠키런 퍼즐게임 안녕!용감한쿠키들 게임플레이, 2115,2020. 7. 11,,,0,game,,
30,ToyFamily, 254000,My Talking Tom Friends Game play 토킹톰 프렌즈 에피소드 8 옷갈아입기, 2739,2020. 7. 10,,,,game,,
31,ToyFamily, 254000,My Talking Tom Friends Episode7 (Outfit7) Game play 토킹톰 프렌즈 에피소드 7 다같이 목욕하고 잠도자고, 2004,2020. 7. 9,,,,game,,
32,ToyFamily, 254000,My Talking Tom Friends Game play 토킹톰 프렌즈 에피소드 6 고양이 두둥등장, 2831,2020. 7. 9,,,,game,,
33,ToyFamily, 254000,My Talking Tom Friends Episode (Outfit7) Game play 토킹톰 프렌즈 에피소드 5 바이러스 키우기 미니게임, 2022,2020. 7. 8,,,,game,,
34,ToyFamily, 254000,케이크 가게 운영하는 게임. 생크림을 이쁘게 짜보자., 3882,2020. 7. 5,,,,game,,
35,ToyFamily, 254000,헝그리샤크 바다속 왕이 되어보자! 모바일게임 에피소드1, 2092,2020. 7. 4,,,1,game,,
36,ToyFamily, 254000,My Talking Tom Friends Episode (Outfit7) Game play 토킹톰 프렌즈 에피소드 4 강아지만남, 3454,2020. 7. 4,,,,game,,
37,ToyFamily, 254000,카트라이더 러쉬 플러스 스토리모드 에피소드1 KART RIDER RUSH+, 1334,2020. 7. 3,,,1,game,,
38,ToyFamily, 254000,My Talking Tom Friends Episode Game play 토킹톰 프렌즈 에피소드 3 게임플레이, 2220,2020. 7. 3,,,,game,,
39,ToyFamily, 254000,카트라이더 러쉬 플러스 트레이닝 초보 첫 플레이 KART RIDER RUSH+, 1515,2020. 7. 1,,,0,game,,
40,ToyFamily, 254000,My Talking Tom 2 마이토킹톰 2 미니게임 블록터트리기, 4014,2020. 6. 29,,,,game,,
41,도티 TV, 253000,트로트, 874371,2020. 7. 8, 31855,싫어 1048,10446,,,
42,도티 TV, 253000,챌린지, 409058,2020. 7. 6, 16752,싫어 605,4410,,,
43,도티 TV, 253000,""" who? 스페셜 "" 도티편이 나왔어요! 이거 실화인가요😭", 168250,2020. 6. 30, 5992,싫어 152,2337,,,
44,도티 TV, 253000,샌박 직원에게 뒤통수 맞았습니다.., 124186,2020. 6. 26, 4572,싫어 117,1082,넷플릭스추천 ,마이넷플리스트 ,넷플릭스
45,도티 TV, 253000,"모장에서 한국에 ""딱 한 명만"" 보내준 특별한 선물 개봉기", 321746,2020. 6. 19, 10670,싫어 306,3672,도티 ,마인크래프트 ,마크던전스굿즈
46,도티 TV, 253000,과기부 장관님이 도티를 부르신 이유는?!🤭, 83655,2020. 6. 16, 4483,싫어 101,1000,,,
47,도티 TV, 253000,도티님 할 말이 있어요, 521204,2020. 6. 12, 7752,싫어 194,2297,,,
48,도티 TV, 253000,엔딩 ㅋㅋㅋㅋㅋㅋㅋㅋㅋㅋㅋ, 168933,2020. 6. 5, 4199,싫어 154,1388,,,
49,도티 TV, 253000,어서와 스피드런 도로퍼는 오랜만이지?, 203384,2020. 5. 30, 4961,싫어 176,1391,,,
50,도티 TV, 253000,마크 던전스 유일템 획득🏹 데미지 실화!?🔥🔥 마인크래프트 던전스, 163158,2020. 5. 27, 3579,싫어 139,1339,,,
51,도티 TV, 253000,마인크래프트 던전스 드디어 출시!! // 1회차 라이브 풀버전, 163698,실시간 스트리밍 시작일: 2020. 5. 26, 5654,싫어 139,695,,,
52,도티 TV, 253000,스카이블럭 그게 뭐임 먹는거임?, 149796,2020. 5. 22, 4254,싫어 141,1282,,,
53,도티 TV, 253000,오늘은 한 편에 꽉꽉 눌러담아봤습니다, 136552,2020. 5. 15, 3833,싫어 152,1112,,,
54,도티 TV, 253000,포세이돈 아조씨 카트라이더좀 하셨네요🌀💧, 143718,2020. 5. 8, 3323,싫어 122,928,,,
55,도티 TV, 253000,❓(이거 뭔지 아시는 분..??), 125176,2020. 5. 6, 4184,싫어 83,992,,,
56,도티 TV, 253000,도티 혼자 당당하게 청와대 다녀왔습니다, 342440,2020. 5. 5, 11673,싫어 362,2731,,,
57,도티 TV, 253000,일심동체 짝맞추기🤝, 126041,2020. 5. 4, 3852,싫어 106,979,,,
58,도티 TV, 253000,전현무 형이 여기서 왜나와?!🙄, 197408,2020. 5. 1, 4851,싫어 159,1111,,,
59,도티 TV, 253000,세상이 망해가도 돈은 벌어야지💰 (feat. 자낳요괴 도차비), 153820,2020. 4. 29, 4322,싫어 103,1185,,,
60,도티 TV, 253000,호요리는 요리조리 잘피해서 호요리인가 ㅋㅋ 아이고 내 배꼽🤣, 201641,2020. 4. 26, 5525,싫어 151,1312,,,
61,잠뜰 TV, 191000,마크 커맨드 천재가 3D 모델링까지 배우면 생기는 일, 140985,2020. 7. 30, 7521,싫어 121,2285,게임 인기 급상승 동영상 ,5,
62,잠뜰 TV, 191000,유튜브 접고 처음부터 다시 시작합니다.., 281385,2020. 7. 29, 13599,싫어 433,5291,잠뜰,,
63,잠뜰 TV, 191000,잠뜰 TV 심리 테스트 [마인크래프트], 243835,2020. 7. 28, 10532,싫어 140,2919,잠뜰,,
64,잠뜰 TV, 191000,별자리 신들의 술래잡기⭐, 378108,2020. 7. 27, 13183,싫어 211,5411,잠뜰술래잡기,,
65,잠뜰 TV, 191000,99초 안에 벌어질 수 있는 일들 [마인크래프트], 339640,2020. 7. 26, 13458,싫어 181,2986,잠뜰,,
66,잠뜰 TV, 191000,저세계 마왕님 😈, 383218,2020. 7. 25, 14439,싫어 208,4894,잠뜰 ,잠뜰상황극,
67,잠뜰 TV, 191000,지옥에서만 야생! 엔더 드래곤 깰 때 까지 [풀버전], 178466,2020. 7. 25, 5417,싫어 84,1383,잠뜰,,
68,잠뜰 TV, 191000,엔더 드래곤이 추가된 지옥 야생, 369127,2020. 7. 24, 10347,싫어 164,2451,잠뜰,,
69,잠뜰 TV, 191000,무인도 생존기 [마인크래프트], 585864,2020. 7. 23, 17390,싫어 293,3004,잠뜰,,
70,잠뜰 TV, 191000,최후의 1인 (친목질 ver.), 373821,2020. 7. 22, 11994,싫어 239,3224,잠뜰,,
71,잠뜰 TV, 191000,좀비들이 사는 도시.. 백신을 찾아야 해! *그리고 아무도 없었다*, 548034,2020. 7. 21, 15436,싫어 343,4006,잠뜰그아없,,
72,잠뜰 TV, 191000,"밤만 되면 찾아오는.. ""불면증""", 479099,2020. 7. 20, 15522,싫어 202,4267,잠뜰,,
73,잠뜰 TV, 191000,*마크판* 백층탈출2 누군가에게 협박 연락이 왔다..!, 440080,2020. 7. 19, 13146,싫어 308,2585,잠뜰 ,잠뜰마크판,
74,잠뜰 TV, 191000,잠뜰이 녹화 안 하겠다고 거부한 콘텐츠 모음집, 309111,2020. 7. 18, 10826,싫어 261,2575,잠뜰,,
75,잠뜰 TV, 191000,기지전쟁 *개인전* 그들 손에 쥐어진 매운맛 함정, 484106,2020. 7. 17, 11295,싫어 219,2566,잠뜰 ,잠뜰기지전쟁,
76,잠뜰 TV, 191000,반말을 하면 플레이어가 죽어나가는 파쿠르, 477139,2020. 7. 16, 12470,싫어 446,2695,잠뜰,,
77,잠뜰 TV, 191000,녹화하다가 진짜 싸움 날 뻔했습니다.., 357074,2020. 7. 15, 13565,싫어 268,3449,잠뜰,,
78,잠뜰 TV, 191000,빈부격차 스카이블럭, 571993,2020. 7. 14, 11634,싫어 434,2359,잠뜰 ,잠뜰마인크래프트,
79,잠뜰 TV, 191000,육아가 이렇게 힘듭니다, 550675,2020. 7. 13, 12240,싫어 264,2710,잠뜰,,
80,잠뜰 TV, 191000,잠뜰 TV 새 멤버를 뽑았습니다, 438081,2020. 7. 12, 15351,싫어 259,4701,잠뜰,,
81,감스트GAMST, 180000,감스트 1시간만에 현금100만원 다쓰기 (게임현질X), 979978,2020. 7. 27, 15679,싫어 394,3520,FLEX ,시장상인분들화이팅 ,힘냅시다모두
82,감스트GAMST, 180000,호날두 꼭 봐라 Ronaldo Watch This Video, 883423,2020. 7. 26, 13612,싫어 406,3539,,,
83,감스트GAMST, 180000,[롤] 감스트vs트할 제가이겼습니다! 개레전드 꼭보세요! LOL, 987064,2020. 7. 25, 11207,싫어 317,1394,박제수고 ,트할 ,아프리카최고의탑은감스트
84,감스트GAMST, 180000,[롤] 감스트 유명 챌린저 총출동!! 최고의 미드라이너는?? 컨트롤 개미쳤다... LOL, 1028088,2020. 7. 22, 9945,싫어 357,3604,아체미 ,아최미 ,김민교
85,감스트GAMST, 180000,감스트 한번만 부탁드립니다ㅠㅠ, 615693,2020. 7. 21, 7802,싫어 825,2113,GOG ,GoddessofGenesis ,가디스오브제네시스
86,감스트GAMST, 180000,[롤] 감스트 깨달았다!! 진작 요릭할껄.. LOL, 752018,2020. 7. 20, 9059,싫어 267,1485,요릭 ,리그오브레전드 ,트할선생님께배우고나서
87,감스트GAMST, 180000,감스트 합성대회 레전드ㅋㅋㅋㅋㅋㅋㅋㅋㅋㅋㅋㅋ, 1110432,2020. 7. 19, 14768,싫어 352,1618,,,
88,감스트GAMST, 180000,감스트 이렇게 비싼걸 받아도 되나요..???, 1068132,2020. 7. 18, 11599,싫어 308,1734,택배 ,시청자분들고맙습니다 ,선물
89,감스트GAMST, 180000,감스트 망한머리 전문가에게 맡겼더니.. 충격적인 대변신!!, 1353798,2020. 7. 16, 12723,싫어 385,3295,금강연화,,
90,감스트GAMST, 180000,감스트 ??못하면 유튜브채널삭제 하겠습니다 어그로 아닙니다., 793706,2020. 7. 15, 12322,싫어 325,5315,중대발표,,
91,감스트GAMST, 180000,감스트 머리 밀었습니다.., 1017476,2020. 7. 14, 13855,싫어 379,6775,원빈 ,원빈따라잡기 ,인직
92,감스트GAMST, 180000,[롤] 감스트 애쉬 재능있는거 같은데??! LOL, 890713,2020. 7. 13, 9816,싫어 267,1692,듀단 ,다쁘 ,리그오브레전드
93,감스트GAMST, 180000,"[롤] 감스트가 ""원딜""했는데 13킬이라고?! 미친서포터를 찾았습니다!! LOL", 1001427,2020. 7. 11, 10244,싫어 318,1751,파이 ,리그오브레전드 ,듀오
94,감스트GAMST, 180000,감스트 아케인22성 성공하고도 빡친이유.. [메이플스토리], 807639,2020. 7. 9, 7173,싫어 228,1472,신해조 ,메이플 ,메이플강화
95,감스트GAMST, 180000,감스트 컴퓨터 해킹 몰카 레전드 ㅋㅋㅋㅋㅋㅋㅋㅋ, 1231138,2020. 7. 8, 15993,싫어 381,2531,마빡 ,몰카 ,몰래카메라
96,감스트GAMST, 180000,[롤] 감스트 트할선생님이 개빡친 이유.. LOL, 1206788,2020. 7. 7, 12555,싫어 353,2034,트할 ,thal ,리그오브레전드
97,감스트GAMST, 180000,감스트 격파30단계 챌린지 SMASH STEP 30 CHALLENGE, 1263683,2020. 7. 6, 18177,싫어 421,4303,절대따라하지마세요 ,따라하지마세요 ,격파왕
98,감스트GAMST, 180000,감스트 메이플 하루만하고 접을려고 했는데.. 현금500만원짜리 무기+40억메소를 받았습니다.. 어떡하죠??, 1195594,2020. 7. 5, 9300,싫어 329,1702,메이플스토리 ,메이플 ,maplestory
99,감스트GAMST, 180000,감스트 죽을뻔 했습니다.. SPICY WORST FOOD CHALLENGE, 1432808,2020. 7. 4, 15605,싫어 526,4136,,,
100,감스트GAMST, 180000,[롤] 감스트가 주최한 대회! 트할눈가루선생님 출전!! 상금300만원 누가 우승했을까??! LOL, 1114953,2020. 7. 2, 10733,싫어 349,2131,눈가루 ,트할 ,전수찬
101,대도서관TV (buzzbean11), 178000,명예 임포스터 대도서관 l 어몽어스(Among Us) 하이라이트, 5090,2020. 7. 30, 504,싫어 6,45,크루원 ,그게뭔데 ,그거어떻게하는건데
102,대도서관TV (buzzbean11), 178000,대도서관 생방송] 캣 인 더 박스 - 올만에 공포 쯔꾸르 게임 간닷! 게임 방송입니닷!, 88148,실시간 스트리밍: 21시간 전, 2329,싫어 52,88,,,
103,대도서관TV (buzzbean11), 178000,제 지갑도 같이 🔥불타고🔥 있습니다.., 42205,2020. 7. 29, 1062,싫어 22,77,케페우스M ,대도서관 ,지갑서관
104,대도서관TV (buzzbean11), 178000,대도서관 생방송] 잇힝~! 휴방인 줄 알았지! 게임 방송입니닷!, 109384,실시간 스트리밍 시작일: 2020. 7. 28, 2750,싫어 54,83,,,
105,대도서관TV (buzzbean11), 178000,⚓️하앙~이만 모았습니다⚓️ l 데드 바이 데이라이트(Dead By Daylight) 7월13141516일 핫클립, 43433,2020. 7. 28, 1538,싫어 16,186,하앙이 ,생존자 ,플레이
106,대도서관TV (buzzbean11), 178000,자꾸 뭔가를 자기 두 눈으로 똑똑히 보는 대도서관 ｜데드 바이 데이라이트(Dead By Daylight) 7월9일 핫클립, 54946,2020. 7. 27, 1871,싫어 13,140,,,
107,대도서관TV (buzzbean11), 178000,대도서관 생방송] 늦어서 죄송해요! 일요일 수다 방송입니닷!, 62533,실시간 스트리밍 시작일: 2020. 7. 26, 1476,싫어 40,39,,,
108,대도서관TV (buzzbean11), 178000,전 이득충님을 죽이지 않았습니다 l 어몽어스(Among Us) 하이라이트, 81032,2020. 7. 26, 1813,싫어 24,115,이득충님 ,미안해요 ,히히
109,대도서관TV (buzzbean11), 178000,대도서관 생방송] 과몰입 어몽어스 - 컨셉충들의 마피아 게임 파티! / 데바데 생존킹 게임 방송입니닷!, 134021,실시간 스트리밍 시작일: 2020. 7. 25, 2411,싫어 57,355,,,
110,대도서관TV (buzzbean11), 178000,대도에게는 땅강아지를 줄꺼야, 48230,2020. 7. 25, 1333,싫어 10,55,이제 ,헛소리하지마 ,임마
111,대도서관TV (buzzbean11), 178000,대도서관 생방송] 과몰입 어몽어스 - 컨셉충들만 오세요! / 데바데 - 데드하드퍽 내가 딴다! 게임 방송입니닷!!!, 131535,실시간 스트리밍 시작일: 2020. 7. 24, 2469,싫어 66,146,,,
112,대도서관TV (buzzbean11), 178000,43세 대저씨가 아이들과 놀아주는 방법(feat.스피릿), 136500,2020. 7. 24, 2098,싫어 161,227,,,
113,대도서관TV (buzzbean11), 178000,대도서관 생방송] 데바데 - 하앙이로 생존킹? / 케페우스M - 어쌔로 10만 다이아 레전드 용병 뽑기! / 어몽어스 - 마피아 게임 빵빵 터진다! 게임 방송입니닷!, 114943,실시간 스트리밍 시작일: 2020. 7. 23, 2277,싫어 53,75,유료광고포함,,
114,대도서관TV (buzzbean11), 178000,🔥떳다! 스피릿 올킬 레전드🔥｜데드 바이 데이라이트(Dead By Daylight) 7월7일 핫클립, 43902,2020. 7. 23, 1232,싫어 17,96,데바데 ,살인마 ,레전드플레이
115,대도서관TV (buzzbean11), 178000,오늘도 열일하는 워커홀릭 마약상, 41807,2020. 7. 22, 1218,싫어 12,66,마약근절 ,게임은 ,게임일뿐
116,대도서관TV (buzzbean11), 178000,대도서관 생방송] 어몽어스 - 짱웃 SF 마피아 게임 / 데바데 - 생존자들 각오해! 게임 방송입니닷!, 137237,실시간 스트리밍 시작일: 2020. 7. 21, 2612,싫어 55,110,,,
117,대도서관TV (buzzbean11), 178000,이야 시원하다, 46867,2020. 7. 21, 1351,싫어 24,144,못맞히면 ,물싸다구 ,벌칙
118,대도서관TV (buzzbean11), 178000,긴급속보! 대도서관 변비로 결국.., 41358,2020. 7. 21, 1642,싫어 16,175,장트라블씨 ,잠시 ,면담좀하시죠
119,대도서관TV (buzzbean11), 178000,대도서관 생방송] 어몽어스 - 겁나 웃긴 마피아 게임 (Among us) 게임 방송입니닷!, 170550,실시간 스트리밍 시작일: 2020. 7. 20, 2875,싫어 81,196,,,
120,대도서관TV (buzzbean11), 178000,솟았어요! | 대도서관 카스 온라인 숨바꼭질 명경기 하이라이트, 52169,2020. 7. 20, 1259,싫어 17,60,카스온라인 ,숨바꼭질 ,벌솟잡
121,악동 김블루, 177000,배그에서 트럭을 쏘면 안되는 진짜 이유 (죽음의 3트럭 등장ㄷㄷ), 329214,2020. 7. 29, 8130,싫어 125,1256,게임 인기 급상승 동영상 ,1,
122,악동 김블루, 177000,🔥배틀그라운드 유저 손에『핵폭탄』을 쥐어주면 생기는 일ㅋㅋㅋㅋㅋ(지구멸망ㅋㅋㅋㅋ), 509372,2020. 7. 27, 12772,싫어 194,1959,,,
123,악동 김블루, 177000,"배그의 흔한 미친놈들만의 버그 ""인간포탑"" 그 누구도 예상 못함ㅋㅋㅋㅋ", 482535,2020. 7. 18, 9591,싫어 303,1825,,,
124,악동 김블루, 177000,마!! 든킨드나쓰 무봤나?!! 34살 '진짜' 경상도남자와 사투리대결ㅋㅋㅋㅋㅋ(같은 대구人인데 못알아들음ㅋㅋㅋ), 343858,2020. 7. 17, 9544,싫어 118,1997,,,
125,악동 김블루, 177000,대규모 『사녹 리메이크』 보급을 뿌리는 루트차량 개꿀잼ㅋㅋㅋ BRDM 100대로 붕쇄해버리기ㅋㅋㅋㅋ, 642515,2020. 7. 16, 11379,싫어 209,2181,,,
126,악동 김블루, 177000,FPS 고인물은 마우스 없이도 게임이 가능한가요? (극한직업)ㅋㅋㅋㅋㅋ, 804359,2020. 7. 13, 16606,싫어 247,1676,에이수스 ,ROG ,제피러스듀오
127,악동 김블루, 177000,실제 게임운영자와 20명의 유튜버가 경악한 레전드 방송..ㅋㅋㅋㅋ (대기업 유튜버들의 비밀 ), 538416,2020. 7. 11, 15301,싫어 168,1538,,,
128,악동 김블루, 177000,배그인생 3천시간 제가『유일하게 못 깬 미션』이 있습니다, 709484,2020. 7. 10, 14368,싫어 212,1409,,,
129,악동 김블루, 177000,(경이로움) 평범한 대학생이 메이플을 새로 만들었다고?ㄷㄷ 댓글창에 제작자 옴ㅋㅋㅋㅋ, 445078,2020. 7. 8, 7893,싫어 122,923,,,
130,악동 김블루, 177000,당연히 붕어빵은 꼬리부터 아니냐?, 442803,2020. 7. 6, 13593,싫어 184,4819,,,
131,악동 김블루, 177000,무려 3년동안.. 구독자 177만명을 속여온 대형유튜버의 역대급 사기 (이걸 봐준다고..?), 880877,2020. 7. 4, 18179,싫어 283,1838,,,
132,악동 김블루, 177000,패션디자인과가 직접 고른 배그 패션 BEST 7, 489100,2020. 7. 3, 11391,싫어 127,1574,,,
133,악동 김블루, 177000,(꿀팁)카트 프로를 카트로 이기는 방법ㅋㅋㅋㅋㅋ 악마의 설계ㅋㅋㅋㅋㅋ, 763144,2020. 7. 1, 11348,싫어 220,1072,,,
134,악동 김블루, 177000,(신기)운영자 앞에 실제 핵이 나타나면 생기는 일ㄷㄷ이게 운영자의 힘인가ㅋㅋㅋ, 1179028,2020. 6. 29, 18184,싫어 333,1692,,,
135,악동 김블루, 177000,전 세계 트위치 시청자 2위를 찍었던 전설의 현실합방, 852891,2020. 6. 27, 26506,싫어 404,4415,,,
136,악동 김블루, 177000,게임에서 총 맞을 때마다 ※진짜전기충격※ 받기ㅋㅋㅋㅋㅋㅋ (웃지말고 119불러!!!!), 607034,2020. 6. 26, 14193,싫어 174,1283,,,
137,악동 김블루, 177000,『C4+비행기 자폭메타』C4로 시청자 100명 죽이는 개웃긴 방법들ㅋㅋㅋㅋㅋㅋㅋ, 809682,2020. 6. 24, 10555,싫어 285,1833,,,
138,악동 김블루, 177000,논란의 현재 배그 1티어 총들!! 다들 어떤 총 쓰세요? 저는 고민입니다;;, 445009,2020. 6. 23, 9377,싫어 125,2599,,,
139,악동 김블루, 177000,배틀그라운드 초보자들에게 신이 내려주는 모드, 571416,2020. 6. 20, 12980,싫어 160,1153,,,
140,악동 김블루, 177000,손잡는데 600일이 걸렸습니다, 1015315,2020. 6. 19, 31091,싫어 262,5209,,,
141,양띵 유튜브, 173000,폭우로 망한 스트리머, 16217,3시간 전 최초 공개, 1493,싫어 16,216,집에서함께해요 ,마인크래프트 ,양띵크루
142,양띵 유튜브, 173000,삼식이가 뭔가를 봤다 - 크라임 띵 #4, 6619,3시간 전 최초 공개, 330,싫어 6,31,집에서함께해요 ,마인크래프트 ,크라임띵
143,양띵 유튜브, 173000,크라임 띵 시즌2 계약서??? - 크라임 띵 #3, 9149,4시간 전 최초 공개, 409,싫어 8,31,집에서함께해요 ,마인크래프트 ,크라임띵
144,양띵 유튜브, 173000,눈꽃의 은밀한 비밀?? - 크라임 띵 #2, 25547,최초 공개: 2020. 7. 29, 682,싫어 11,100,집에서함께해요 ,마인크래프트 ,크라임띵
145,양띵 유튜브, 173000,양띵티비 멤버 중 범인이 있다 - 크라임 띵 #1, 36268,최초 공개: 2020. 7. 29, 928,싫어 11,102,집에서함께해요 ,마인크래프트 ,크라임띵
146,양띵 유튜브, 173000,루태보다 못하는 사람 = 눈꽃, 39410,최초 공개: 2020. 7. 28, 921,싫어 23,116,집에서함께해요 ,마인크래프트 ,눈꽃데이
147,양띵 유튜브, 173000,루태랑 양띵 개트롤, 71017,최초 공개: 2020. 7. 27, 1562,싫어 38,161,집에서함께해요 ,마인크래프트 ,눈꽃데이
148,양띵 유튜브, 173000,😈마법만이 살길이다😈, 90150,최초 공개: 2020. 7. 26, 2156,싫어 44,364,집에서함께해요 ,마인크래프트 ,양띵크루
149,양띵 유튜브, 173000,영화 큐브를 게임으로???, 64001,최초 공개: 2020. 7. 25, 1515,싫어 17,163,집에서함께해요 ,양띵크루 ,큐브탈출
150,양띵 유튜브, 173000,🕵소름 돋는 범인의 정체 - 크라임 띵 #5 *완결*, 40212,최초 공개: 2020. 7. 24, 1007,싫어 13,230,집에서함께해요 ,마인크래프트 ,크라임띵
151,양띵 유튜브, 173000,증거들이 한곳으로 모여간다 - 크라임 띵 #4, 39743,최초 공개: 2020. 7. 23, 831,싫어 14,143,집에서함께해요 ,마인크래프트 ,크라임띵
152,양띵 유튜브, 173000,유난히 깔끔한 칼의 정체? - 크라임 띵 #3, 43328,최초 공개: 2020. 7. 23, 824,싫어 16,80,집에서함께해요 ,마인크래프트 ,크라임띵
153,양띵 유튜브, 173000,탑 아이돌과 유명 유튜버의 비밀 관계 - 크라임 띵 #2, 56128,최초 공개: 2020. 7. 22, 991,싫어 21,131,집에서함께해요 ,마인크래프트 ,크라임띵
154,양띵 유튜브, 173000,오늘의 탐정은 한.삼.식 - 크라임 띵 #1, 75796,최초 공개: 2020. 7. 22, 1481,싫어 22,213,집에서함께해요 ,마인크래프트 ,크라임띵
155,양띵 유튜브, 173000,이게 바로 양띵차이, 41689,2020. 7. 21, 838,싫어 16,153,집에서함께해요 ,롤 ,양띵크루
156,양띵 유튜브, 173000,복어 같은 쉐낏, 66849,최초 공개: 2020. 7. 21, 1817,싫어 19,79,집에서함께해요 ,마인크래프트 ,양띵크루
157,양띵 유튜브, 173000,양띵티비 연애스타일을 공개합니다❤️, 46745,2020. 7. 20, 1162,싫어 13,139,집에서함께해요 ,마인크래프트 ,양띵크루
158,양띵 유튜브, 173000,서넹과 삼식은 천생연분., 66568,최초 공개: 2020. 7. 20, 1513,싫어 17,258,집에서함께해요 ,마인크래프트 ,양띵크루
159,양띵 유튜브, 173000,MBTI 유형별 목욕 스타일은?, 54312,최초 공개: 2020. 7. 19, 1180,싫어 15,347,집에서함께해요 ,마인크래프트 ,양띵크루
160,양띵 유튜브, 173000,📢양띵크루의 MBTI📢, 103633,최초 공개: 2020. 7. 18, 2215,싫어 35,1078,집에서함께해요 ,마인크래프트 ,양띵크루
161,김재원의 즐거운게임 세상, 163000,아프리카 신입BJ로 복귀했습니다, 153551,2020. 7. 30, 6350,싫어 96,1369,,,
162,김재원의 즐거운게임 세상, 163000,랜덤으로 크기정해지는 윤곽선 숨바꼭질ㅋㅋㅋㅋ, 334968,2020. 7. 29, 6962,싫어 175,1649,게임 인기 급상승 동영상 ,2,
163,김재원의 즐거운게임 세상, 163000,이근 대위님도 놀란 김재원의 충격발언...[김재원 가짜사나이 Ep6], 731222,2020. 7. 28, 11518,싫어 408,2721,인기 급상승 동영상 ,18,
164,김재원의 즐거운게임 세상, 163000,배틀그라운드로 가짜사나이를 패러디해봤습니다ㅋㅋㅋ, 340138,2020. 7. 27, 9981,싫어 212,1964,,,
165,김재원의 즐거운게임 세상, 163000,방송에선 할수없었던 이야기..... [김재원 가짜사나이 Ep5], 337801,2020. 7. 26, 8451,싫어 116,1877,,,
166,김재원의 즐거운게임 세상, 163000,이제 인성문제 없습니다!!!악!!! [김재원 가짜사나이 Ep4], 432405,2020. 7. 25, 15073,싫어 130,2273,,,
167,김재원의 즐거운게임 세상, 163000,1킬 할때마다 몸이 커지면 생기는일ㅋㅋㅋㅋㅋ, 426821,2020. 7. 24, 7458,싫어 199,2011,,,
168,김재원의 즐거운게임 세상, 163000,저 좀 섹시하나요?, 232252,2020. 7. 23, 5851,싫어 209,2247,,,
169,김재원의 즐거운게임 세상, 163000,오버워치가 망겜이라고?, 424054,2020. 7. 22, 7906,싫어 265,4256,,,
170,김재원의 즐거운게임 세상, 163000,오버워치와 롤에는 소름돋게 똑같은 영웅이 있습니다, 458472,2020. 7. 21, 9468,싫어 254,4588,,,
171,김재원의 즐거운게임 세상, 163000,오버워치 유튜버들이 모인 이유, 335673,2020. 7. 20, 8125,싫어 152,3367,,,
172,김재원의 즐거운게임 세상, 163000,첫번째 퇴교자 김재원... [김재원 가짜사나이 Ep3], 753393,2020. 7. 19, 13528,싫어 226,2983,,,
173,김재원의 즐거운게임 세상, 163000,"""가짜""사나이.. ""진짜""입니다 [김재원 가짜사나이 Ep2]", 686948,2020. 7. 18, 11364,싫어 212,2740,,,
174,김재원의 즐거운게임 세상, 163000,오버워치 영웅들이 심각하게 커졌습니다...., 756356,2020. 7. 17, 11609,싫어 424,3653,,,
175,김재원의 즐거운게임 세상, 163000,너 인성 문제있어? [김재원 가짜사나이 Ep1], 1228809,2020. 7. 16, 18422,싫어 403,2954,,,
176,김재원의 즐거운게임 세상, 163000,피지컬갤러리 김계란 선생님과 함께..도전하겠습니다, 1101299,2020. 7. 15, 17905,싫어 256,4143,,,
177,김재원의 즐거운게임 세상, 163000,오버워치에서 수상한 상자를 보내줬습니다..., 509224,2020. 7. 14, 16230,싫어 334,4447,,,
178,김재원의 즐거운게임 세상, 163000,이 질문 만든사람 나와라... (밸런스게임), 498533,2020. 7. 13, 13286,싫어 321,3106,,,
179,김재원의 즐거운게임 세상, 163000,오버워치하다가 PTSD 왔습니다.., 304965,2020. 7. 12, 6830,싫어 191,2013,,,
180,김재원의 즐거운게임 세상, 163000,내가 오버워치를 안접는 이유, 367840,2020. 7. 11, 11460,싫어 303,5057,,,
181,Edu car toy school, 156000,Real Construction Machine - Construction Sim Crane & Flatbed truck Android Game play, 1327,2020. 7. 27, 7,싫어 2,0,,,
182,Edu car toy school, 156000,Taxi Sim 2020 - Cab Car Service Driving Simulator Game Super car Taxi - Android Gameplay, 4969,2020. 7. 20, 34,싫어 9,1,,,
183,Edu car toy school, 156000,Table Top Racing Android Walkthough - Gameplay Part 1 Championship Twin Cam Challenge, 1591,2020. 7. 17, 9,싫어 2,0,,,
184,Edu car toy school, 156000,장난감 상자속 서프라이드 애그 열어보기 놀이 영어 배우기 전래 동요 듣기 Nursery Rhymes & Kids Songs, 46317,2020. 1. 2, 230,싫어 86,,NurseryRhymes ,인기동요,
185,Edu car toy school, 156000,Special Disney Cars Lightning McQueen Sand Play Nursery Rhymes & Kids Songs for kids car toys, 35965,2019. 12. 30, 193,싫어 73,,,,
186,Edu car toy school, 156000,Special Disney Cars Lightning McQueen Assembly Play Nursery Rhymes & Kids Songs for kids car toys, 20192,2019. 12. 25, 110,싫어 49,,NurseryRhymes ,인기동요,
187,Edu car toy school, 156000,Learn Colors With Special Disney Cars Lightning McQueen Train rail Play for kids car toys, 28817,2019. 12. 18, 144,싫어 53,,,,
188,Edu car toy school, 156000,Learn Colors With Special Disney Cars Lightning McQueen Car carrier Truck Play for kids car toys, 181268,2019. 12. 14, 867,싫어 307,,,,
189,Edu car toy school, 156000,Special Disney Cars Lightning McQueen Playdoh stamp Play for kids car toys, 59297,2019. 12. 12, 305,싫어 105,,,,
190,Edu car toy school, 156000,Special Disney Cars Giant Mega Lightning McQueen mack truck Play for kids car toys, 70786,2019. 12. 11, 259,싫어 108,,,,
191,Edu car toy school, 156000,빨간색 디즈니 맥퀸 맥트럭 무지개 다리 고치기 놀이 영어 배우기 전래 동요 듣기 | Nursery Rhymes & Kids Songs, 28285,2019. 12. 8, 122,싫어 59,,,,
192,Edu car toy school, 156000,Learn Color Special Disney Cars Lightning McQueen Wooden box of toy car Play for kids car toys, 18219,2019. 12. 6, 86,싫어 29,,,,
193,Edu car toy school, 156000,Special Disney Cars Lightning McQueen box fo toy 100 car Play for kids car toys, 57101,2019. 12. 5, 218,싫어 87,,Nurseryrhymes ,Kidssongs,
194,Edu car toy school, 156000,Special Disney Cars Lightning McQueen mack truck car carrier Play for kids car toys, 86031,2019. 12. 4, 335,싫어 128,,,,
195,Edu car toy school, 156000,Learn Colors magic pool Disney Cars Lightning McQueen Kids Songs & Nursery Rhymes for kids, 139862,2019. 12. 2, 640,싫어 260,,,,
196,Edu car toy school, 156000,Learn Colors car Names With Special Disney Cars Lightning McQueen | Kids Songs & Nursery Rhymes, 43136,2019. 12. 1, 241,싫어 105,,Nurseryrhymes ,Kidssongs,
197,Edu car toy school, 156000,디즈니 맥퀸 맥트럭 나무 장난감 놀이 영어 배우기 전래 동요 듣기 | Nursery Rhymes & Kids Songs, 13644,2019. 11. 30, 86,싫어 32,,,,
198,Edu car toy school, 156000,장난감 상자속 디즈니 맥퀸 맥트럭 놀이 영어 배우기 전래 동요 듣기 | Nursery Rhymes & Kids Songs, 109457,2019. 11. 29, 435,싫어 184,,,,
199,Edu car toy school, 156000,디즈니 카 맥퀸 맥트럭 타요 차고지 놀이 영어 배우기 전래 동요 듣기 | Nursery Rhymes & Kids Songs, 16161,2019. 11. 28, 125,싫어 46,,,,
200,Edu car toy school, 156000,빨간색 디즈니 맥퀸 맥트럭 야채 바퀴 교체 놀이 영어 배우기 전래 동요 듣기 | Nursery Rhymes & Kids Songs, 122770,2019. 11. 26, 500,싫어 215,,,,
201,뜨뜨뜨뜨, 154000,SKS 이제 더 이상 똥총이 아닙니다 [배틀그라운드], 158466,2020. 7. 29, 2493,싫어 59,513,뜨뜨뜨뜨 ,배틀그라운드 ,SKS
202,뜨뜨뜨뜨, 154000,에일리님이 하트를... 이거 꿈 인가요? [배틀그라운드], 483775,2020. 7. 28, 8181,싫어 127,1226,게임 인기 급상승 동영상 ,13,
203,뜨뜨뜨뜨, 154000,에일리님을 저희집에 초대 해봤습니다 [배틀그라운드], 872724,2020. 7. 27, 12351,싫어 245,1423,뜨뜨뜨뜨 ,에일리 ,배그듀오
204,뜨뜨뜨뜨, 154000,실검 1위.. 가수 에일리님과 열애설 해명하겠습니다, 1653550,2020. 7. 25, 21389,싫어 1049,2667,뜨뜨뜨뜨 ,에일리 ,열애설_해명
205,뜨뜨뜨뜨, 154000,드디어 적용된 사녹리메이크 아마존 실사판이 따로 없습니다. [배틀그라운드], 223616,2020. 7. 24, 3035,싫어 73,332,뜨뜨뜨뜨 ,배틀그라운드 ,사녹_리메이크_경쟁전
206,뜨뜨뜨뜨, 154000,진짜들만 모이는 그곳에서 실력검증 받았습니다 [배틀그라운드], 218283,2020. 7. 23, 3214,싫어 78,353,뜨뜨뜨뜨 ,배틀그라운드 ,1인칭
207,뜨뜨뜨뜨, 154000,오랜만에 그로자 들고 스쿼드 갈아먹었습니다 [배틀그라운드], 242376,2020. 7. 22, 2914,싫어 79,358,뜨뜨뜨뜨 ,배틀그라운드 ,그로자
208,뜨뜨뜨뜨, 154000,리메이크후 개사기된 길리슈트로 레전드 썼습니다 [배틀그라운드], 449040,2020. 7. 21, 5717,싫어 102,568,배틀그라운드 ,사녹리메이크 ,길리슈트의_사기성
209,뜨뜨뜨뜨, 154000,우주에서 가장 역겨운 듀오 [롤], 445748,2020. 7. 20, 4788,싫어 148,664,뜨뜨뜨뜨 ,김민교 ,뜨교듀오
210,뜨뜨뜨뜨, 154000,카배 랭커분들을 만났습니다 [배틀그라운드], 227371,2020. 7. 18, 2587,싫어 60,365,카카오 ,배틀그라운드 ,경쟁전
211,뜨뜨뜨뜨, 154000,루트트럭 안에서만 나오는 영웅템 발견 했습니다 [배틀그라운드], 430085,2020. 7. 17, 4569,싫어 145,392,사녹리메이크 ,루트트럭 ,영웅템
212,뜨뜨뜨뜨, 154000,부트캠프 5천시간 장인이 부트캠프 탐험 해봤습니다 [배틀그라운드], 285661,2020. 7. 16, 4295,싫어 93,547,사녹리메이크 ,부트캠프 ,지하기지
213,뜨뜨뜨뜨, 154000,보급템이 쏟아지는 미친자동차 등장 사녹 리메이크 완벽 해부 [배틀그라운드], 347837,2020. 7. 15, 5380,싫어 122,794,사녹리메이크 ,루트트럭 ,대격변패치
214,뜨뜨뜨뜨, 154000,"주간 ""미친"" 플레이 모음 [주간하이라이뜨]", 171814,2020. 7. 14, 2729,싫어 42,296,뜨뜨뜨뜨 ,배틀그라운드,
215,뜨뜨뜨뜨, 154000,오랜만에 솔쿼드로 캐리 했습니다 [배틀그라운드], 177371,2020. 7. 13, 2956,싫어 71,329,뜨뜨뜨뜨 ,배틀그라운드,
216,뜨뜨뜨뜨, 154000,배그유저들이 스배에서 카배로 넘어가고 있는 이유 [배틀그라운드], 255725,2020. 7. 12, 3558,싫어 98,721,뜨뜨뜨뜨 ,배틀그라운드,
217,뜨뜨뜨뜨, 154000,현재 반드시 알아야할 치명적인 자기장 버그 [배틀그라운드], 182649,2020. 7. 11, 2901,싫어 84,344,뜨뜨뜨뜨 ,배틀그라운드,
218,뜨뜨뜨뜨, 154000,일반게임 학살하고 사람 찾아봤습니다 [배틀그라운드], 127639,2020. 7. 10, 2161,싫어 35,237,뜨뜨뜨뜨 ,일반게임 ,사람체크
219,뜨뜨뜨뜨, 154000,망했다는 일반게임 근황 확인해봤습니다 [배틀그라운드], 315825,2020. 7. 9, 3708,싫어 96,589,뜨뜨뜨뜨 ,배틀그라운드 ,봇들이_안보임니다
220,뜨뜨뜨뜨, 154000,배틀그라운드 유저들이 가장 싫어하는 이총.. 이유가 있습니다 [배틀그라운드], 260600,2020. 7. 8, 3445,싫어 100,499,배틀그라운드 ,SKS ,똥크스
221,태경 TV, 153000,만약 태쁘가 사귀지 않는다면..? 새로운 인생 살아보기 인생게임! (마인크래프트), 90797,2020. 7. 30, 3937,싫어 58,1296,,,
222,태경 TV, 153000,쁘허가 태경을 가뒀다! 여친을 피해 100층 탈출?! (마인크래프트), 292803,2020. 7. 29, 7071,싫어 195,2333,게임 인기 급상승 동영상 ,4,
223,태경 TV, 153000,철창 사이로 갈라진 태쁘 태경아 등 뒤에...! (힐링(?) 공포 로블록스), 144390,2020. 7. 28, 3613,싫어 80,1596,,,
224,태경 TV, 153000,태쁘의 모습이 바뀌었습니다! +입양하세요 미호 키우기 (로블록스), 224740,2020. 7. 27, 5534,싫어 123,3053,,,
225,태경 TV, 153000,태경 솔로가 될 위기.. 우가차차 시즌1 완결?! (무인도 표류기 7화) 마인크래프트, 268654,2020. 7. 25, 6406,싫어 149,3589,,,
226,태경 TV, 153000,눈치 제로 솔빈누나 이중스킨으로 농락하기 ㅋㅋㅋ 이건 진짜다 (몰래카메라 마인크래프트), 213755,2020. 7. 24, 5574,싫어 117,2547,,,
227,태경 TV, 153000,우가차차! 세영이를 두고 일어난 태쁘의 불화..?! (무인도 표류기 6화) 마인크래프트, 244738,2020. 7. 23, 5260,싫어 143,2217,,,
228,태경 TV, 153000,이 버튼을 누르면 '쁘허가 사라진다' 버튼을 누르시겠습니까? (로블록스), 132960,2020. 7. 22, 3176,싫어 86,1589,,,
229,태경 TV, 153000,우가차차! 오늘도 쁘허를 자극해버린 솔로(?) 태경의 무인도 표류기! (무인도 표류기 5화) 마인크래프트, 311991,2020. 7. 21, 6146,싫어 152,2230,,,
230,태경 TV, 153000,태경의 나홀로방탈출! 혼자라그런지 유령의 소리가 들린다.. (마인크래프트), 184666,2020. 7. 20, 4931,싫어 103,1613,,,
231,태경 TV, 153000,입양하세요 구미호펫 업데이트! 질투 할 정도로 귀여웠다..! (로블록스), 372919,2020. 7. 18, 7853,싫어 215,3676,,,
232,태경 TV, 153000,쁘허누나 머리가 허전한데? 허브가 납치됐다! (마인크래프트), 323284,2020. 7. 17, 6208,싫어 178,2349,,,
233,태경 TV, 153000,세 명이서 비콘이 이중스킨으로 쫓아다니며 계속 춤 추기 ㅋㅋㅋ 혼돈 그 자체 (마인크래프트), 231117,2020. 7. 16, 5735,싫어 127,2036,,,
234,태경 TV, 153000,태경아.. 그거 버려(!?) 결국 터져버린 쁘허 질투의 화신 (무인도 표류기 4화) 마인크래프트, 299380,2020. 7. 15, 5899,싫어 132,2870,,,
235,태경 TV, 153000,이중스킨으로 일반 유저인척 빅민 쫓아다니며 춤 계속 추기 ㅋㅋㅋㅋ (마인크래프트), 297300,2020. 7. 14, 6985,싫어 141,2164,,,
236,태경 TV, 153000,너를 위한 아르바이트! 미용실 상황극! (마인크래프트), 334015,2020. 7. 13, 8970,싫어 187,3212,,,
237,태경 TV, 153000,쁘허가 울어버린 몰래카메라 맵! 사실은 2000일 기념 탈출맵 (마인크래프트), 221398,2020. 7. 11, 6165,싫어 157,2768,,,
238,태경 TV, 153000,눈 떠보니 실험체가 되어있었다? 우가차차 연구실 탈출! (마인크래프트), 231915,2020. 7. 10, 4692,싫어 130,1865,,,
239,태경 TV, 153000,이것이 현질러다. 자본주의의 맛을 제대로 느낀 톱니바퀴 괴물 괴무룩 (공포 로블록스), 258723,2020. 7. 9, 4217,싫어 127,1759,,,
240,태경 TV, 153000,왜 그래요! 우리 세영이 한테! 오늘도 쁘허는 분노합니다.. 무인도 표류기 3화! (마인크래프트), 290490,2020. 7. 8, 5330,싫어 162,2352,,,
241,악어 유튜브, 127000,블러드문의 대검 마누스를 얻다! 블러드문 : 안개의 세계 16회차 3부 | 마인크래프트 악어 Blood Moon : The Fog World, 2950,2020. 7. 30, 294,싫어 2,55,블러드문 ,안개의세계 ,장기컨텐츠
242,악어 유튜브, 127000,블러드문의 대검 마누스를 얻다! 블러드문 : 안개의 세계 16회차 2부 | 마인크래프트 악어 Blood Moon : The Fog World, 9396,2020. 7. 30, 385,싫어 7,52,블러드문 ,안개의세계 ,장기컨텐츠
243,악어 유튜브, 127000,블러드문의 대검 마누스를 얻다! 블러드문 : 안개의 세계 16회차 1부 | 마인크래프트 악어 Blood Moon : The Fog World, 15083,2020. 7. 30, 560,싫어 9,161,블러드문 ,안개의세계 ,장기컨텐츠
244,악어 유튜브, 127000,플라이 버그로 비밀방 찾음ㅋㅋㅋㅋ 늪지대 던전스 8화｜| 마인크래프트 악어 ACAU Dungeons, 59794,2020. 7. 29, 1083,싫어 24,110,늪지대던전스 ,24시간서버 ,168시간
245,악어 유튜브, 127000,일단 죽이고 우기는 타입ㅋㅋ, 90078,2020. 7. 28, 1550,싫어 38,162,어몽어스 ,얏따 ,스트리머합방
246,악어 유튜브, 127000,키아나 하는법 알려드림 ^^, 55580,2020. 7. 27, 935,싫어 27,118,롤 ,키아나 ,장인
247,악어 유튜브, 127000,난장판이 된 긴급 회의장💦 늪지대 던전스 7화｜| 마인크래프트 악어 ACAU Dungeons, 71028,2020. 7. 27, 1246,싫어 16,108,늪지대던전스 ,24시간서버 ,168시간
248,악어 유튜브, 127000,역대급 임포스터가 나타났다🔪, 93578,2020. 7. 26, 1577,싫어 28,247,어몽어스 ,도현 ,스트리머합방
249,악어 유튜브, 127000,최강 무기 빌려준다길래 빼돌려보았습니다ㅋㅋ 늪지대 던전스 6화｜| 마인크래프트 악어 ACAU Dungeons, 87199,2020. 7. 25, 1358,싫어 21,196,늪지대던전스 ,24시간서버 ,168시간
250,악어 유튜브, 127000,혼자 남은 새봄추 관찰 해보았습니다🔎, 113017,2020. 7. 24, 1836,싫어 42,166,어몽어스 ,서새봄 ,스트리머합방
251,악어 유튜브, 127000,나트륨 최대로!! 기적의 다이어트 먹방🍗🍴, 103706,2020. 7. 23, 2160,싫어 34,471,다이어트 ,소고기 ,먹방
252,악어 유튜브, 127000,숨겨진 이세계 카우방을 찾다!! 늪지대 던전스 5화｜| 마인크래프트 악어 ACAU Dungeons, 99507,2020. 7. 23, 1568,싫어 16,204,늪지대던전스 ,24시간서버 ,168시간
253,악어 유튜브, 127000,냉혹한 스트리머들의 세계 방심하면 죽음 뿐💀, 82055,2020. 7. 22, 1693,싫어 29,148,어몽어스 ,서새봄 ,빅헤드
254,악어 유튜브, 127000,리타는 낄 수 없는 늪지대 미녀 순위👀, 97592,2020. 7. 21, 2391,싫어 14,254,노가리 ,늪지대콘 ,늪지대3대미녀
255,악어 유튜브, 127000,🔥늪지대 노동스🔥 늪지대 던전스 4화｜| 마인크래프트 악어 ACAU Dungeons, 100847,2020. 7. 21, 1673,싫어 28,234,늪지대던전스 ,24시간서버 ,168시간
256,악어 유튜브, 127000,한방에 130만?! 논란의 청룡 우클릭 테스트 M.C. Age 4R | 마인크래프트 악어 마크에이지4R : 평화의 시대, 103566,2020. 7. 20, 1638,싫어 30,562,마크에이지4R ,악어 ,장기컨텐츠
257,악어 유튜브, 127000,새로운 괴물의 탄생!! 전쟁을 흔든 작소동의 힘... M.C. Age 4R 27회차 6부 (완결) | 마인크래프트 악어 마크에이지4R : 평화의 시대, 88693,2020. 7. 19, 1375,싫어 32,388,마크에이지4R ,악어 ,장기컨텐츠
258,악어 유튜브, 127000,새로운 괴물의 탄생!! 전쟁을 흔든 작소동의 힘... M.C. Age 4R 27회차 5부 | 마인크래프트 악어 마크에이지4R : 평화의 시대, 75525,2020. 7. 19, 1047,싫어 35,327,마크에이지4R ,악어 ,장기컨텐츠
259,악어 유튜브, 127000,새로운 괴물의 탄생!! 전쟁을 흔든 작소동의 힘... M.C. Age 4R 27회차 4부 | 마인크래프트 악어 마크에이지4R : 평화의 시대, 96917,2020. 7. 19, 1318,싫어 30,271,마크에이지4R ,악어 ,장기컨텐츠
260,악어 유튜브, 127000,주작은 이런 것도 가능합니다 M.C. Age 4R 27회차 3부 | 마인크래프트 악어 마크에이지4R : 평화의 시대, 96583,2020. 7. 18, 1169,싫어 17,175,마크에이지4R ,악어 ,장기컨텐츠
261,LsCraft, 117000,Minecraft NOOB vs PRO vs HACKER vs GOD SPIDERMAN VS VENOM CRAFTING CHALLENGE in Minecraft Animation, 119311,2020. 7. 29, 4193,싫어 242,62,Minecraft ,MonsterSchool ,ШколаМонстров
262,LsCraft, 117000,Minecraft NOOB vs PRO vs HACKER vs GOD SUPER SWORD CRAFTING PIGGY CHALLENGE in Minecraft Animation, 119017,2020. 7. 25, 4008,싫어 185,45,Minecraft ,MonsterSchool ,ШколаМонстров
263,LsCraft, 117000,Minecraft NOOB vs PRO vs HACKER vs GOD ABILITY SWORD GUN CRAFTING CHALLENGE in Minecraft Animation, 392875,2020. 7. 22, 9469,싫어 615,116,Minecraft ,MonsterSchool ,ШколаМонстров
264,LsCraft, 117000,Minecraft NOOB vs PRO vs HACKER vs GOD ROBLOX PIGGY COFFIN DANCE CRAFTING CHALLENGE MEME Animation12, 132312,2020. 7. 18, 4254,싫어 241,114,Minecraft ,Roblox ,Piggy
265,LsCraft, 117000,Minecraft NOOB vs PRO vs HACKER vs GOD ROBLOX PIGGY COFFIN DANCE CRAFTING CHALLENGE MEME Animation11, 452707,2020. 7. 15, 8521,싫어 443,113,Minecraft ,Roblox ,Piggy
266,LsCraft, 117000,Minecraft NOOB vs PRO vs HACKER vs GOD ROBLOX PIGGY COFFIN DANCE CRAFTING CHALLENGE MEME Animation10, 266067,2020. 7. 11, 6811,싫어 456,104,Minecraft ,Roblox ,Piggy
267,LsCraft, 117000,Minecraft NOOB vs PRO vs HACKER vs GOD ROBLOX PIGGY COFFIN DANCE CRAFTING CHALLENGE MEME 9 Animation, 641413,2020. 7. 8, 13285,싫어 752,114,Minecraft ,Roblox ,Piggy
268,LsCraft, 117000,Minecraft NOOB vs PRO vs HACKER vs GOD ROBLOX PIGGY COFFIN DANCE CRAFTING CHALLENGE MEME 8 Animation, 945413,2020. 7. 4, 20887,싫어 1326,303,Minecraft ,Roblox ,Piggy
269,LsCraft, 117000,Minecraft NOOB vs PRO vs HACKER vs GOD ROBLOX PIGGY COFFIN DANCE CRAFTING CHALLENGE MEME 7 Animation, 438776,2020. 7. 1, 8026,싫어 498,131,Minecraft ,Майнкрафт ,Piggy
270,LsCraft, 117000,Minecraft NOOB vs PRO vs HACKER vs GOD ROBLOX PIGGY COFFIN DANCE CRAFTING CHALLENGE MEME 6 Animation, 1764918,2020. 6. 27, 38440,싫어 2402,484,Minecraft ,Майнкрафт ,Piggy
271,LsCraft, 117000,Minecraft NOOB vs PRO vs HACKER vs GOD ROBLOX PIGGY COFFIN DANCE CRAFTING CHALLENGE MEME 5 Animation, 1629888,2020. 6. 24, 33900,싫어 2091,537,Minecraft ,Майнкрафт ,Piggy
272,LsCraft, 117000,Minecraft NOOB vs PRO vs HACKER vs GOD ROBLOX PIGGY COFFIN DANCE CRAFTING CHALLENGE MEME 4 Animation, 3181478,2020. 6. 20, 71213,싫어 4325,878,Minecraft ,Майнкрафт ,MinecraftPiggy
273,LsCraft, 117000,Minecraft NOOB vs PRO vs HACKER vs GOD ROBLOX PIGGY COFFIN DANCE CRAFTING CHALLENGE MEME 3 Animation, 2757640,2020. 6. 17, 61440,싫어 4105,980,Minecraft ,MonsterSchool ,ШколаМонстров
274,LsCraft, 117000,Minecraft NOOB vs PRO vs HACKER vs GOD ROBLOX PIGGY COFFIN DANCE CRAFTING CHALLENGE MEME 2 Animation, 5382860,2020. 6. 14, 145955,싫어 9228,2846,Minecraft ,MonsterSchool ,ШколаМонстров
275,LsCraft, 117000,Astronomia Coffin Meme in Minecraft Animation Part 2, 863372,2020. 6. 12, 20083,싫어 979,163,Minecraft ,Майнкрафт ,Piggy
276,LsCraft, 117000,Minecraft NOOB vs PRO vs HACKER vs GOD ROBLOX PIGGY COFFIN DANCE CRAFTING CHALLENGE MEME Animation, 3165952,2020. 6. 5, 108717,싫어 5231,1437,Minecraft ,MonsterSchool ,ШколаМонстров
277,LsCraft, 117000,Minecraft NOOB vs PRO vs HACKER vs GOD STAR WARS SWORD LIGHTSABER CRAFTING CHALLENGE Animation, 170491,2020. 5. 31, 4604,싫어 231,70,Minecraft ,MonsterSchool ,ШколаМонстров
278,LsCraft, 117000,Minecraft NOOB vs PRO vs HACKER vs GOD SUPER SPEAR SWORD CRAFTING CHALLENGE in Minecraft Animation, 59031,2020. 5. 28, 2142,싫어 119,46,Minecraft ,MonsterSchool ,ШколаМонстров
279,LsCraft, 117000,Minecraft NOOB vs PRO vs HACKER vs GOD ABILITY SWORD AXE CRAFTING CHALLENGE in Minecraft Animation, 5558912,2020. 5. 23, 144867,싫어 8538,661,Minecraft ,MonsterSchool ,ШколаМонстров
280,LsCraft, 117000,Minecraft NOOB vs PRO vs HACKER vs GOD ABILITY SUPER GUN CRAFTING CHALLENGE in Minecraft Animation, 59715,2020. 5. 20, 1913,싫어 101,39,Minecraft ,MonsterSchool ,ШколаМонстров
281,테스터훈 TesterHoon, 111000,★저격 궁극기 조합★ 애쉬가 얼리고 징크스+케이틀린+세나+이즈리얼 버스터콜 ㅋㅋㅋ : [테스터훈], 62015,2020. 7. 30, 997,싫어 43,221,테스터훈 ,뉴메타 ,저격조합
282,테스터훈 TesterHoon, 111000,1달만에 챌린저까지 승률 80% 달성한 정체불명의 유저 초대석..! : 제이스 장인초대석 [테스터훈], 235252,2020. 7. 29, 2246,싫어 91,405,게임 인기 급상승 동영상 ,16,
283,테스터훈 TesterHoon, 111000,★트페 숙련도 320만점★ 짬에서 나오는 바이브라는게 이런거구나 ㅎㄷㄷ : 트페 런닝왕 장인초대석 [테스터훈], 198474,2020. 7. 28, 2046,싫어 88,366,테스터훈 ,장인초대석 ,트페
284,테스터훈 TesterHoon, 111000,★무한 박치기 조합★ 5명 전부 에어본으로 한타 박살내는 조합 ㅎㄷㄷ : 뉴메타 [테스터훈], 144475,2020. 7. 27, 1455,싫어 58,277,테스터훈 ,뉴메타 ,박치기
285,테스터훈 TesterHoon, 111000,챌린저 울짖마 AP 마오카이로 하드캐리하는 방법 ㅋㅋㅋㅋㅋㅋ : 울짖마 장인의도전 [테스터훈], 223860,2020. 7. 26, 2453,싫어 91,456,테스터훈 ,장인의도전 ,마오카이
286,테스터훈 TesterHoon, 111000,장인대격돌 역대급 스케일로 준비했습니다. [테스터훈], 92619,2020. 7. 25, 1282,싫어 26,420,테스터훈 ,장인대격돌 ,시즌2
287,테스터훈 TesterHoon, 111000,8년동안 이즈리얼 연구한 장인의 노하우 대공개..! : 어린이즈 장인초대석 [테스터훈], 347274,2020. 7. 24, 2936,싫어 132,433,테스터훈 ,장인초대석 ,이즈리얼
288,테스터훈 TesterHoon, 111000,정글 레드를 뺏어먹은 원딜 도대체 누구 잘못일까? ㅋㅋㅋ : 관전으로본세상 [테스터훈], 198991,2020. 7. 24, 2092,싫어 68,418,테스터훈 ,관전으로본세상 ,레고77
289,테스터훈 TesterHoon, 111000,★헤카림 몰빵★ 한번 박으면 한명씩 암살하는 교통사고 조합 ㅋㅋㅋ : 뉴메타 [테스터훈], 121292,2020. 7. 23, 1225,싫어 71,331,테스터훈 ,뉴메타 ,헤카림
290,테스터훈 TesterHoon, 111000,앗...♥ 저 솔로 아닌데...♥ [테스터훈], 22256,2020. 7. 22, 262,싫어 16,50,테스터훈 ,가디스오브제네시스 ,GOG
291,테스터훈 TesterHoon, 111000,★챌린저 유일 마오카이★ 4티어 챔피언으로 챌린저 1000점 도달한 비법은..! : 마오카이 울짖마 장인초대석 [테스터훈], 329507,2020. 7. 22, 4010,싫어 128,1337,테스터훈 ,장인초대석 ,마오카이
292,테스터훈 TesterHoon, 111000,★무한 독 조합★ 4명이 독 뿌리고 카시오페아가 다 잡는 극딜 조합 ㅎㄷㄷ : 뉴메타 [테스터훈], 206035,2020. 7. 21, 1844,싫어 91,382,테스터훈 ,뉴메타 ,독조합
293,테스터훈 TesterHoon, 111000,"★ 만17세 이하 시청금지★ ""이 게임도 프로게이머가 있다고?"" 브롤스타즈 국가대표...!? : apdo 우혁 장인초대석 [테스터훈]", 118566,2020. 7. 20, 1179,싫어 52,397,테스터훈 ,장인초대석 ,브롤스타즈
294,테스터훈 TesterHoon, 111000,★프로게이머 원딜 출신★ 람머스 원딜로 그랜드마스터 도달한 비결 ㅋㅋㅋㅋ : 꼬꼬갓 장인초대석 [테스터훈], 246869,2020. 7. 19, 2053,싫어 104,373,테스터훈 ,장인초대석 ,람머스
295,테스터훈 TesterHoon, 111000,★전세계 바드 랭킹 1위★ 조선시대부터 내려온 전통을 꾸준히 이어온 비기의 소유자..! : 악기 판다랑 장인초대석 [테스터훈], 253998,2020. 7. 18, 3717,싫어 92,827,테스터훈 ,장인초대석 ,악기
296,테스터훈 TesterHoon, 111000,챌린저도 놀란 영상 속 피들스틱의 티어 ㅋㅋㅋ : 관전으로 본 세상 #레고77 [테스터훈], 181241,2020. 7. 18, 2016,싫어 56,400,,,
297,테스터훈 TesterHoon, 111000,★무적 조합★ 문도+힐러 4명이 힐주는 무적 조합 ㅎㄷㄷ [테스터훈], 179460,2020. 7. 17, 1977,싫어 83,399,테스터훈 ,뉴메타 ,무적조합
298,테스터훈 TesterHoon, 111000,이제야 말씀드려서 정말 죄송합니다..., 168759,2020. 7. 17, 2191,싫어 75,809,,,
299,테스터훈 TesterHoon, 111000,페이커 선수도 따라하는 미드 누누 개발자 리하우 장인초대석 [테스터훈], 321600,2020. 7. 16, 2657,싫어 141,580,테스터훈 ,장인초대석 ,미드누누
300,테스터훈 TesterHoon, 111000,페이커 솔킬 내던 핏빛계약 금똥왁왁 레넥톤 상대로 압도하는 레전드 매치 ㅎㄷㄷ : 금똥왁왁 vs 핏빛계약 장인대격돌 [테스터훈], 361627,2020. 7. 15, 3190,싫어 101,881,테스터훈 ,장인대격돌 ,핏빛계약
301,T1 Faker, 108000,페이커 이상한 나라의 갈리오 [Faker Stream Highlight], 42672,2020. 7. 30, 3618,싫어 47,325,Faker ,Galio,
302,T1 Faker, 108000,궁 좀 줘볼래? 캐리 좀 하게 [Faker Stream Highlight], 703268,2020. 7. 27, 10129,싫어 154,789,Faker ,Sylas,
303,T1 Faker, 108000,페이커의 리신 이쿠! 에쿠! 쓰리쿠!션 [Faker Stream Highlight], 596736,2020. 7. 23, 10142,싫어 160,632,T1 ,Faker ,Leesin
304,T1 Faker, 108000,잡았죠? 페이커가 제드 해봤습니다. [Faker Stream Highlight], 896494,2020. 7. 21, 14141,싫어 257,981,Faker ,Zed,
305,T1 Faker, 108000,페이커 차 뽑았습니다 [Faker Stream Highlight], 704435,2020. 7. 16, 11253,싫어 192,945,Faker ,T1,
306,T1 Faker, 108000,페이커와 젠지 4인방이 만났습니다 [Faker Stream Highlight], 591837,2020. 7. 12, 9054,싫어 127,580,Faker ,T1,
307,T1 Faker, 108000,🚨솔랭파괴🚨 페이커의 레전드 미드 누럼프(feat.도인비) [Full Game] [Faker Game Play], 1072461,2020. 7. 9, 11781,싫어 259,1397,Faker ,Nunu,
308,T1 Faker, 108000,페이커의 고전파 질리언이 나왔다구? [Faker Stream Highlight], 611522,2020. 7. 6, 9458,싫어 132,533,Faker ,T1,
309,T1 Faker, 108000,페이커! 승리의 트위스티드 페이커!! [Faker Stream Highlight], 673221,2020. 7. 4, 11241,싫어 157,767,T1 ,Faker,
310,T1 Faker, 108000,페이커의 원딜 볼리베어(feat. 원딜 녹턴) [Faker Stream Highlight], 771867,2020. 6. 30, 10893,싫어 155,1021,Faker ,T1,
311,T1 Faker, 108000,페이커가 사기템 써봤습니다. [Faker Stream Highlight], 784727,2020. 6. 29, 11133,싫어 162,637,Faker ,MidLucian,
312,T1 Faker, 108000,⭐️솔랭주의보⭐️ 페이커의 미드 오공 [Faker Stream Highlight], 623532,2020. 6. 24, 9912,싫어 132,680,T1 ,Faker ,Wukong
313,T1 Faker, 108000,불좀 꺼줄래? 페이커 솔랭 좀 보게 [Faker Stream Highlight], 1061800,2020. 6. 21, 17170,싫어 175,1463,Faker ,T1,
314,T1 Faker, 108000,조이로 넥서스에 조의를 표하세요 [Faker Stream Highlight], 587748,2020. 6. 12, 10317,싫어 122,700,T1 ,Faker ,Zoe
315,T1 Faker, 108000,페이커가 아리 한번 픽해봤습니다 [Faker Stream Highlight], 1451932,2020. 6. 9, 17401,싫어 312,1661,Faker ,Ahri ,T1
316,T1 Faker, 108000,T1 미드 대격돌! 솔랭에서 클로저를 만난 페이커 [Faker Stream Highlight], 660943,2020. 6. 5, 9810,싫어 118,748,T1 ,Faker ,Clozer
317,T1 Faker, 108000,페이커가 롤하는 재미 알려드립니다. [Faker Stream Highlight], 943371,2020. 6. 2, 11786,싫어 232,763,Faker ,Fizz,
318,T1 Faker, 108000,페이커에게 블루를 안 주면 생기는 일 [Translated] [Faker Stream Highlight], 607414,2020. 5. 30, 10189,싫어 165,1183,Faker ,T1,
319,T1 Faker, 108000,🔥페이커도 우르프를 한다!🔥무한동력 나서스 대작전 [Faker Stream Highlight], 639113,2020. 5. 25, 8879,싫어 140,813,Faker ,T1 ,Nasus
320,T1 Faker, 108000,페이커★에포트 바텀듀오 출격! [Faker Stream Highlight], 917894,2020. 5. 22, 11491,싫어 199,759,T1 ,Faker ,Effort
321,마이린 TV, 107000,오빠 이겨라! 아빠 이겨라! 뿌링클 치킨 치즈볼 다 걸고 카트라이더 이어달리기 대결 (시즌2 feat. 뚜아뚜지 뚜빠) 카트라이더 러쉬 플러스 | 마이린 TV, 81369,최초 공개: 2020. 7. 29, 1992,싫어 127,630,게임 인기 급상승 동영상 ,50,
322,마이린 TV, 107000,[주말일상] 롱보드 타고 한강라면 먹고 수영복 새로 사고 개인 물놀이 용품도 새로 샀어요 | 마이린 TV, 111911,최초 공개: 2020. 7. 27, 2417,싫어 149,611,,,
323,마이린 TV, 107000,시험 끝나면 뭐할까? 기말고사 끝낸 중학생 24시간 일상 브이로그 (전용 피시방도 가고 고기도 먹고 놀러도 가고 밀린 잠 자고) 마이린 TV, 83734,최초 공개: 2020. 7. 25, 1939,싫어 124,532,,,
324,마이린 TV, 107000,아틀라스 대박~ 밤12시에 카트라이더 시즌2 아틀라스 뽑기 (역시 레전드) 카트라이더 러쉬 플러스 모바일 게임 | 마이린 TV, 99684,최초 공개: 2020. 7. 24, 1901,싫어 248,708,,,
325,마이린 TV, 107000,[기말고사 D-day] 중학생 기말고사 첫날 둘째날 24시간 시험 준비 브이로그 (마이린 기말고사 시험 결과도 살짝 공개해요) 마이린 TV, 95141,최초 공개: 2020. 7. 22, 2332,싫어 150,715,,,
326,마이린 TV, 107000,[기말고사 D-1] 코피까지 터졌다구? 벼락치기 시험공부 24시간 브이로그 (중학생 첫 기말고사 시험준비 일상) 마이린 TV, 126222,최초 공개: 2020. 7. 20, 2638,싫어 153,893,,,
327,마이린 TV, 107000,지옥의 매운맛🌶 엄마가 집에서 불냉면을 해주셨어요 (송주 불냉면 맞습니다) 마이린 TV, 79999,2020. 7. 19, 1701,싫어 113,394,,,
328,마이린 TV, 107000,밤12시에 게임하기 ㅋㅋ 카트라이더 시즌2 바로 달렸어요 (레전드 카트 몬스터 져스티스 뽑았나요?) 카트라이더 러쉬 플러스 | 마이린 TV, 95200,최초 공개: 2020. 7. 17, 1538,싫어 220,515,,,
329,마이린 TV, 107000,대박~ 카카오프렌즈 정품 랜덤박스 뽑기 (휴대용 선풍기부터 고급 블루투스 스피커까지) 사장님 몰래 하는 이벤트래요 | 마이린 TV, 118768,최초 공개: 2020. 7. 16, 2713,싫어 137,832,,,
330,마이린 TV, 107000,[기말고사 D-7] 중학생 기말고사 시험 준비 24시간 일상 브이로그 (하루종일 바쁘다 바빠~ 그런데 시험 공부는 언제 하죠?) 마이린 TV, 128108,최초 공개: 2020. 7. 14, 2817,싫어 179,915,,,
331,마이린 TV, 107000,친구가 시키는 대로 빙수 만들기 (네이버 최신 빙수??? 믿었던 친구에게 몰카 완전 당했습니다 ㅠㅠ) feat. 노래하는하람 | 마이린 TV, 168261,최초 공개: 2020. 7. 12, 3601,싫어 223,902,,,
332,마이린 TV, 107000,[최초공개] 대박~ 마이린이 게임을 개발했어요! 지금 바로 다운로드 받으세요 ㅎㅎ (1:1 온라인 코딩 교육 체험 후기 | 위즈라이브) 마이린 TV, 200858,최초 공개: 2020. 7. 11, 3043,싫어 274,825,,,
333,마이린 TV, 107000,복불복 나만의 빙수 만들기 대결 (마이린 VS 마이맘) 우리집 냉장고를 모두 털었습니다 | 마이린 TV, 108124,2020. 7. 10, 2000,싫어 108,1080,,,
334,마이린 TV, 107000,망했다 ㅠㅠ 엄마가 스마트폰을 던졌어요 (with 노래하는하람 마이맘) 크리에이터와 함께하는 디지털 사회혁신 공모전 | 마이린 TV, 238230,2020. 7. 7, 4772,싫어 313,1467,,,
335,마이린 TV, 107000,500원으로 카트라이더 카트 문방구 뽑기 (제노 핑크코튼 세이버레드 뽑을 수 있을까) 기대가 크면 실망도 크다던데... | 마이린 TV, 129560,2020. 7. 6, 2542,싫어 246,1445,,,
336,마이린 TV, 107000,[일상] 마이린이 중국어 공부를 시작했어요 (중국어 체험 신청부터 상담 첫 수업 그리고 모바일 복습 전 과정 중계) 차이홍 시니어 후기 | 마이린 TV, 106873,최초 공개: 2020. 7. 4, 2285,싫어 149,838,,,
337,마이린 TV, 107000,학교 안가면 뭐해 ㅠㅠ 먹고 공부하고 먹고 공부하고 먹고 공부하고 ... 끝나지 않는 평일 중학생 하루 일상 브이로그 | 마이린 TV, 206631,2020. 7. 1, 3571,싫어 243,1217,,,
338,마이린 TV, 107000,현질 없이 카트라이더 무과금 카트 제노 뽑기 도전! (5000K 코인 25000K 코인으로 뽑을 수 있을까) 마이린 TV, 233074,2020. 6. 29, 2677,싫어 398,1385,,,
339,마이린 TV, 107000,핵불닭보다 맵다구? 한국에서 가장 맵다는 불마왕라면 끓여 먹기 (오늘 학원에 못 갈 것 같아요) 마이린 TV, 273347,2020. 6. 27, 3875,싫어 287,1185,,,
340,마이린 TV, 107000,떡볶이 김밥 점심 쏘기! 카트라이더 아이템전 가족 대결 (마이린 가족 VS 뚜아뚜지 가족) 이번엔 누가 제일 잘 할까? 카트라이더 러쉬 플러스 | 마이린 TV, 124799,2020. 6. 25, 1761,싫어 188,535,,,
341,Dino Box Jurassic park, 107000,Build a disassembled dinosaur brick Play Jurassic World #2, 162,2020. 7. 30, 2,싫어 1,0,,,
342,Dino Box Jurassic park, 107000,ZOOKEEPER Simulator BUT DINOSAURS Are ATTACKING! raptor Funny game, 388,2020. 7. 27, 4,싫어 없음,0,,,
343,Dino Box Jurassic park, 107000,Godzilla vs Indoraptor - Jurassic World Evolution Dinosaurs Battle, 1282,2020. 7. 22, 8,싫어 2,0,,,
344,Dino Box Jurassic park, 107000,11 Herbivorous dinosaur Showcase - Jurassic World Evolution, 1117,2020. 7. 21, 11,싫어 3,1,,,
345,Dino Box Jurassic park, 107000,Protect the dinosaur eggs! Assembling Dinosaurs Jurassic World, 1183,2020. 7. 20, 10,싫어 없음,0,,,
346,Dino Box Jurassic park, 107000,10 CARNIVORE DINOSAURS Showcase - Jurassic World Evolution #2, 2156,2020. 7. 18, 17,싫어 2,0,,,
347,Dino Box Jurassic park, 107000,10 CARNIVORE DINOSAURS Showcase - Jurassic World Evolution #1, 1098,2020. 7. 17, 18,싫어 1,1,,,
348,Dino Box Jurassic park, 107000,ZOOKEEPER Simulator BUT DINOSAURS Are ATTACKING! Triceratops Funny game, 1732,2020. 7. 8, 8,싫어 3,0,,,
349,Dino Box Jurassic park, 107000,Save the herbivorous dinosaur that escaped from Jurassic World - Jurassic World Evolution, 1416,2020. 7. 5, 12,싫어 3,0,,,
350,Dino Box Jurassic park, 107000,Build a disassembled dinosaur brick Play Jurassic World, 3308,2020. 7. 2, 18,싫어 8,0,,,
351,Dino Box Jurassic park, 107000,Ranger Car attack! Avoid dinosaurs attacking Jurassic World Ranger Car Jurassic World Evolution, 1795,2020. 6. 28, 14,싫어 1,0,,,
352,Dino Box Jurassic park, 107000,Find the dinosaur head inside the Tayo garage Jurassic World, 4077,2020. 6. 24, 30,싫어 6,3,,,
353,Dino Box Jurassic park, 107000,ZOOKEEPER Simulator BUT DINOSAURS Are ATTACKING!T-rex Funny game, 1903,2020. 6. 17, 12,싫어 5,0,,,
354,Dino Box Jurassic park, 107000,Box of Toys Lots of T-rex DinosaursJurassic World The Good dinosaurSchleich Dinosaur Toys, 6153,2020. 6. 14, 31,싫어 14,0,,,
355,Dino Box Jurassic park, 107000,The volcano erupted Protect the dinosaurs Jurassic Evolution, 2238,2020. 6. 11, 11,싫어 6,2,,,
356,Dino Box Jurassic park, 107000,Herbivorous sauropod 6 species 30 Jurassic World Evolution game play, 896,2020. 6. 9, 6,싫어 2,0,,,
357,Dino Box Jurassic park, 107000,Let's go to the Jurassic World Tour dinosaurs Jurassic World Evolution #1, 1512,2020. 6. 7, 10,싫어 2,1,,,
